{"cameraMode":{"drawMode":0,"name":"Shaded","section":"Shading Mode"},"sceneLighting":false,"audioPlay":false,"sceneViewState":{"m_AlwaysRefresh":false,"showFog":true,"showSkybox":false,"showFlares":true,"showImageEffects":true,"showParticleSystems":true,"showVisualEffectGraphs":true,"m_FxEnabled":true},"in2DMode":false,"pivot":{"x":-0.00000667572021484375,"y":6.98722505569458,"z":0.8926820755004883},"rotation":{"x":0.01898026280105114,"y":0.14703525602817536,"z":0.002823198912665248,"w":-0.9889477491378784},"size":9.655205726623536,"orthographic":false}